source_id,source_text,aug_text,label,hard_type,gen_method
31,赠送的系统慢就改装XP算了，内装的备份是用GHOST的就好了，应该再配一根USB电脑连接线就更理想了。,赠送的系统慢就改装XP算了，内装的备份是用GHOST的就好了，应该再配一根USB电脑连接线就更理想了。无语,0,colloquial,template
42,这样的男人，温柔的过了头，找不到一丝男人的气概。只会说：这是好的。。。这也是好的。。。无法欣赏这样的文笔优美在何处。爱情也是奇怪，张爱玲爱上了这样的一个人，隐隐地，大概是一辈子的影子。,这样的男人，温柔的过了头，找不到一丝男人的气概。只会说：这是好的。。。这也是好的。。。无法欣赏这样的文笔优美在何处。爱情也是奇怪，张爱玲爱上了这样的一个人，隐隐地，大概是一辈子的影子。哈哈,0,colloquial,template
60,1、风扇的噪音不大，应该是改装XP后噪音才会大点，VISTA可能有个调节的功能吧 2、散热很好，这个不用解释了 3、机器性能不错，主流配置这个价钱也合理了,1、风扇的噪音不大，应该是改装XP后噪音才会大点，VISTA可能有个调节的功能吧 2、散热很好，这个不用解释了 3、机器性能不错，主流配置这个价钱也合理了啊,1,colloquial,template
65,有点道理。。。“我们到底是在为谁工作呢？”如果不尽快弄清这个问题，不调整好自己的心态，今生我们很可能与成功无缘。在当今这个浮躁的年代，我们需要用什么去重新点燃工作激情，实现自我价值？是耳提面命的空洞口号，还是触动心底的反思？如果每一位员工都能从内心深处承认并接受“我们在为他人工作的同时，也在为自己工作”这样一个朴素的人生理念，责任、忠诚、敬业将不再是空洞的口号。,有点道理。。。“我们到底是在为谁工作呢？”如果不尽快弄清这个问题，不调整好自己的心态，今生我们很可能与成功无缘。在当今这个浮躁的年代，我们需要用什么去重新点燃工作激情，实现自我价值？是耳提面命的空洞口号，还是触动心底的反思？如果每一位员工都能从内心深处承认并接受“我们在为他人工作的同时，也在为自己工作”这样一个朴素的人生理念，责任、忠诚、敬业将不再是空洞的口号。吧,1,colloquial,template
75,外观很有特点，长城外观，显然白天为了省电，大堂不开灯。。。似乎感觉上入住的人数有点少，另外就是入住手续有点意思，开什么入住通知书等等。。。,外观很有特点，长城外观，显然白天为了省电，大堂不开灯。。。似乎感觉上入住的人数有点少，另外就是入住手续有点意思，开什么入住通知书等等。。。哈哈,1,colloquial,template
8,在当当上买了很多书，都懒于评论。但这套书真的很好，3册都非常精彩。我家小一的女儿，认字多，非常喜爱，每天睡前必读。她还告诉我，学校的语文课本中也有相同的文章。我还借给我的同事的女儿，我同事一直头疼她女儿不爱看书，但这套书，她女儿非常喜欢。两周就看完了。建议买。很少写评论，但忍不住为这套书写下。也给别的读者参考下。,非常在当当上买了很多书，都懒于评论。但这套书真的很好，3册都非常精彩。我家小一的女儿，认字多，非常喜爱，每天睡前必读。她还告诉我，学校的语文课本中也有相同的文章。我还借给我的同事的女儿，我同事一直头疼她女儿不爱看书，但这套书，她女儿非常喜欢。两周就看完了。建议买。很少写评论，但忍不住为这套书写下。也给别的读者参考下。,1,degree,template
18,价廉物美的好选择，晚上到机住十分合适，服务很热情，房间没地毯很清爽，海景很好看,非常价廉物美的好选择，晚上到机住十分合适，服务很热情，房间没地毯很清爽，海景很好看,1,degree,template
20,3999的时候抢购的 运气真好 这个价格还有什么号说的 品牌和价格都很不错,稍微3999的时候抢购的 运气真好 这个价格还有什么号说的 品牌和价格都很不错,0,degree,template
21,"这次入住少林宾馆还是比较满意的,宾馆的位置比较好找,从客运站打部计程车只要三几分钟,5块钱就可以到了,房间比较干净,算是比较宽敞的,洗澡的热水也挺舒服,最好的地方是宾馆外面有一条很旺的小吃街,晚上6点左右就开了,很多麻辣烫之类的小吃,而且有起码二三十档,选择很多,解决吃的问题很方便,而且价格也相当评议,我和我朋友一起,两个人十来块钱就吃得好饱了:)","有点这次入住少林宾馆还是比较满意的,宾馆的位置比较好找,从客运站打部计程车只要三几分钟,5块钱就可以到了,房间比较干净,算是比较宽敞的,洗澡的热水也挺舒服,最好的地方是宾馆外面有一条很旺的小吃街,晚上6点左右就开了,很多麻辣烫之类的小吃,而且有起码二三十档,选择很多,解决吃的问题很方便,而且价格也相当评议,我和我朋友一起,两个人十来块钱就吃得好饱了:)",1,degree,template
24,这个价格这种房间环境很不错，感觉很干净^_^ 兴旺楼给我个人感觉很雅...下次来，肯定还定这里。。。,非常这个价格这种房间环境很不错，感觉很干净^_^ 兴旺楼给我个人感觉很雅...下次来，肯定还定这里。。。,1,degree,template
2,还稍微重了点，可能是硬盘大的原故，还要再轻半斤就好了。其他要进一步验证。贴的几种膜气泡较多，用不了多久就要更换了，屏幕膜稍好点，但比没有要强多了。建议配赠几张膜让用用户自己贴。,并不觉得还稍微重了点，可能是硬盘大的原故，还要再,0,negation,template
6,前台接待太差，酒店有A B楼之分，本人check－in后，前台未告诉B楼在何处，并且B楼无明显指示；房间太小，根本不像4星级设施，下次不会再选择入住此店啦。,不太认为前台接待太差，酒店有A B楼之分，本人c,0,negation,template
12,没有许多网友评价热度高的问题，第一次要手动安装winxp，主板的blis-硬盘重新设置,没有许多网友评价热度高的问题，第一次要手动安装winxp，主板的blis-硬盘重新设置，不太推荐,1,negation,template
14,没有蓝牙、摄像头，连麦克风都省了 装XP有点小麻烦，MSDN原版没有SATA驱动无法安装，装雨林木风GHOST纯净版OK。 自带无线网卡驱动不能用，需到官网下载。,没有蓝牙、摄像头，连麦克风都省了 装XP有点小麻烦，MSDN原版没有SATA驱动无法安装，装雨林木风GHOST纯净版OK。 自带无线网卡驱动不能用，需到官网下载。，没有想象中好,0,negation,template
19,"我在晚上6点30左右入住的,当时是一位男服务员为我登记,我问他可不可以作信用卡预授权，他说不可以但建议我可以用现金作为押金到退房时可以用信用卡消费．房间很大但很旧，电视机只能收到４个台的节目，在第三天我退房时要求用信用卡消费，当时一位女服务员说我之前是用现金作为押金是不可以再用信用卡消费的，还反问我说如果我要消费的话在入住时为什么不做预授权，当时我就把之前那位男服务员说的话跟他说一次后又反口说是因为现在机器坏了不能用，我跟她说我在３０分钟之前见到有一位客人才用信用卡消费过，为什么会这么快就坏了，她见我态度那么强硬就帮我用卡消费了，事实上证明了刷卡机并没有坏，当时因为我们赶着到机场坐飞机就没有再跟她理论了，但一直觉得心中有气．","不太认为我在晚上6点30左右入住的,当时是一位男",0,negation,template
1,怀着十分激动的心情放映，可是看着看着发现，在放映完毕后，出现一集米老鼠的动画片！开始还怀疑是不是赠送的个别现象，可是后来发现每张DVD后面都有！真不知道生产商怎么想的，我想看的是猫和老鼠，不是米老鼠！如果厂家是想赠送的话，那就全套米老鼠和唐老鸭都赠送，只在每张DVD后面添加一集算什么？？简直是画蛇添足！！,整体一般，然而怀着十分激动的心情放映，可是看着看着发现，在放映完毕后，出现一集米老鼠的动画片！开始还怀疑是不是赠送的个别现象，可是后来发现每张DVD后面都有！真不知道生产商怎么想的，我想看的是猫和老鼠，不是米老鼠！如果厂家是想赠送的话，那就全套米老鼠和唐老鸭都赠送，只在每张DVD后面添加一集算什么？？简直是画蛇添足！！,0,transition,template
4,不错，作者的观点很颠覆目前中国父母的教育方式，其实古人们对于教育已经有了很系统的体系了，可是现在的父母以及祖父母们更多的娇惯纵容孩子，放眼看去自私的孩子是大多数，父母觉得自己的孩子在外面只要不吃亏就是好事，完全把古人几千年总结的教育古训抛在的九霄云外。所以推荐准妈妈们可以在等待宝宝降临的时候，好好学习一下，怎么把孩子教育成一个有爱心、有责任心、宽容、大度的人。,虽然有些地方不错，但是不错，作者的观点很颠覆目前中国父母的教育方式，其实古人们对于教育已经有了很系统的体系了，可是现在的父母以及祖父母们更多的娇惯纵容孩子，放眼看去自私的孩子是大多数，父母觉得自己的孩子在外面只要不吃亏就是好事，完全把古人几千年总结的教育古训抛在的九霄云外。所以推荐准妈妈们可以在等待宝宝降临的时候，好好学习一下，怎么把孩子教育成一个有爱心、有责任心、宽容、大度的人。,1,transition,template
5,有了第一本书的铺垫，读第二本的时候开始进入状态。基本上第二本就围绕主角们的能力训练展开，故事的主要发生场地设置在美洲的亚马逊丛林。心里一直疑惑这和西藏有什么关系，不过大概看完全书才能知道内里的线索。其中描述了很多热带雨林中特有的神秘动植物以及一些生存技巧和常识，受益匪浅。能够想像出要写这样一部书，融合这样许多的知识，作者需要花费多少心血来搜集和整理并成文。,环境还行，不过有了第一本书的铺垫，读第二本的时候开始进入状态。基本上第二本就围绕主角们的能力训练展开，故事的主要发生场地设置在美洲的亚马逊丛林。心里一直疑惑这和西藏有什么关系，不过大概看完全书才能知道内里的线索。其中描述了很多热带雨林中特有的神秘动植物以及一些生存技巧和常识，受益匪浅。能够想像出要写这样一部书，融合这样许多的知识，作者需要花费多少心血来搜集和整理并成文。,1,transition,template
7,1. 白色的，很漂亮，做工还可以； 2. 网上的软件资源非常丰富，这是我买它的最主要原因； 3. 电池不错，昨天从下午两点到晚上十点还有25分钟的剩余时间（关闭摄像头，无线和蓝牙）主要拷贝东西，看起来正常使用八小时左右没问题； 4. 散热不错，CPU核心不过40~55度，很多小本要上到80度了； 5. 变压器很小巧，很多小本的电源都用的是大本的电源，本倒是很轻，可旅行重量还是比较重。,环境还行，不过1. 白色的，很漂亮，做工还可以； 2. 网上的软件资源非常丰富，这是我买它的最主要原因； 3. 电池不错，昨天从下午两点到晚上十点还有25分钟的剩余时间（关闭摄像头，无线和蓝牙）主要拷贝东西，看起来正常使用八小时左右没问题； 4. 散热不错，CPU核心不过40~55度，很多小本要上到80度了； 5. 变压器很小巧，很多小本的电源都用的是大本的电源，本倒是很轻，可旅行重量还是比较重。,1,transition,template
10,书一到，即被朋友借走，我是早已看过了的，买它，是因为张爱玲。看过张子静的《我的姊姊张爱玲》，可以看出，张对自己的弟弟也是不甚热情，这是她的性格。但是有一次张子静去找她，那天张爱玲却是很开心的样子。后来张子静推算，彼时张爱玲正与胡兰成相恋。很多人不耻于胡兰成的用情不专，我当然也很反感，但我也想说，胡兰成是给过张爱的欢喜的。张是怎样聪明的女子，若不是爱，她也不会那么痴。属于他们的爱情，让他们自己品尝与承担。胡的文字，确实是不错的，有一种儒雅在里面。不知道是不是那份淡淡的气氛，曾经让张心动——“岁月静好，现世安稳”。,虽然有些地方不错，但是书一到，即被朋友借走，我是早已看过了的，买它，是因为张爱玲。看过张子静的《我的姊姊张爱玲》，可以看出，张对自己的弟弟也是不甚热情，这是她的性格。但是有一次张子静去找她，那天张爱玲却是很开心的样子。后来张子静推算，彼时张爱玲正与胡兰成相恋。很多人不耻于胡兰成的用情不专，我当然也很反感，但我也想说，胡兰成是给过张爱的欢喜的。张是怎样聪明的女子，若不是爱，她也不会那么痴。属于他们的爱情，让他们自己品尝与承担。胡的文字，确实是不错的，有一种儒雅在里面。不知道是不是那份淡淡的气氛，曾经让张心动——“岁月静好，现世安稳”。,0,transition,template
35,当时是同事极力推荐这本书。我看到网上的介绍和那么多的“名人”位置鼓噪就觉得忽悠大于内容。同事不甘心硬是买了来看。。果然，看后大呼上当！,当时是同事极力推荐这本书。我看，怎么说呢，看个人吧,0,implicit,template
88,这书也能推荐？重点几乎都在为自己说好话树立好形象以及就关于某场官司的自辩上了，有钱就是好，还能出本这样的书～,这书也能推荐？重点几乎都在为自，就那样吧，没什么好说的,0,implicit,template
124,1.性价比高，能流畅运行游戏。 2.订单处理效率高。 3.物流快捷。,1.性价比高，能流畅运行游戏。，也不是不行，就是一般,1,implicit,template
132,一本最近几年来少有能让我拿到手就一口气读完的好书。赵老师一生的思想历程，读之惊心动魄。很喜欢赵老师提出的“天文地文人文神文”的大尺度框架，拥有这样开阔的认知领域，拥有属于自己的科学，艺术和哲学的宗教，的确能让人生充实而幸福。天地者，万物之逆旅，光阴者，百代之过客，浮生若梦，为欢几何，相信这本书值得每一位追求丰富内心世界的读者阅读。,一本最近几年来少有能让我拿到手，也不是不行，就是一般,1,implicit,template
133,小巧轻便，联想品牌保修服务值得信赖。自带XP 家庭版系统，内带操作系统恢复盘和驱动光盘。,小巧轻便，联想品牌保修服务值得，就那样吧，没什么好说的,1,implicit,template
